<?xml version="1.0" encoding="UTF-8"?>
<UsersDB>
  <Groups>
    <Group>
      <groupId>1</groupId>
    </Group>
  </Groups>
  <Students>
    <Student>
      <login>NL</login>
      <firstname>Nicolas</firstname>
      <surname>Lepetit</surname>
      <pwd>prout</pwd>
      <studentId>2002</studentId>
      <groupId>-1</groupId>
    </Student>
    <Student>
      <login>BS</login>
      <firstname>Buffy</firstname>
      <surname>Summers</surname>
      <pwd>stake</pwd>
      <studentId>2001</studentId>
      <groupId>1</groupId>
    </Student>
  </Students>
  <Teachers>
    <Teacher>
      <login>GS</login>
      <firstname>Grand</firstname>
      <surname>Schtroumpf</surname>
      <pwd>salsepareille</pwd>
      <teacherId>1001</teacherId>
    </Teacher>
    <Teacher>
      <login>MF</login>
      <firstname>Morgan</firstname>
      <surname>Freeman</surname>
      <pwd>iknowall</pwd>
      <teacherId>1002</teacherId>
    </Teacher>
  </Teachers>
  <Administrators>
    <Administrator>
      <login>KR</login>
      <firstname>Keanu</firstname>
      <surname>Reeves</surname>
      <pwd>redpill</pwd>
      <adminId>2</adminId>
    </Administrator>
    <Administrator>
      <login>KF</login>
      <firstname>Kevin</firstname>
      <surname>Flynn</surname>
      <pwd>@tron</pwd>
      <adminId>1</adminId>
    </Administrator>
    <Administrator>
      <login>su</login>
      <firstname>su</firstname>
      <surname>su</surname>
      <pwd>superUser</pwd>
      <adminId>0</adminId>
    </Administrator>
  </Administrators>
</UsersDB>
